{"Apr":-2.5683200305,"Aug":-1.5067863877,"Dec":0.5881165832,"Feb":1.9522721667,"Jan":3.9233879026,"Jul":-1.3938128341,"Jun":1.7227423187,"Mar":0.7584728613,"May":3.7939450789,"Nov":-0.7273208166,"Oct":-1.4135158119,"Sep":1.2450843819}